 1,        1,   1.60,   0.00
 1,       10,   9.62,   0.00
 1,      100,  18.18,   0.00
 1,     1000,  20.17,   1.50
 1,    10000,  19.38,   1.45
 1,   100000,  18.34,   1.26
 1,   500000,  18.17,   1.24
 1,  1000000,  18.56,   1.25
 4,        1,   0.79,   0.00
 4,       10,   8.58,   0.00
 4,      100,  34.52,   1.00
 4,     1000,  63.00,   1.40
 4,    10000,  58.39,   1.24
 4,   100000,  74.83,   1.27
 4,   500000,  58.52,   1.25
 4,  1000000,  70.04,   1.23
 8,        1,   0.70,   0.00
 8,       10,   5.90,   0.00
 8,      100,  44.96,   2.00
 8,     1000,   5.55,   1.30
 8,    10000, 115.55,   1.09
 8,   100000, 106.66,   1.21
 8,   500000, 104.59,   1.22
 8,  1000000, 104.41,   1.23
12,        1,   0.01,   0.00
12,       10,   0.03,   0.00
12,      100,  50.81,   2.00
12,     1000,   2.95,   1.20
12,    10000,  23.35,   1.22
12,   100000,  64.79,   1.21
12,   500000, 156.74,   1.23
12,  1000000, 156.13,   1.25
16,        1,   0.00, 100.00
16,       10,   0.06,   0.00
16,      100,   0.19,   1.00
16,     1000,   4.63,   1.10
16,    10000,  23.02,   1.31
16,   100000,  88.29,   1.27
16,   500000, 101.25,   1.23
16,  1000000, 154.65,   1.25
